ccg_id,ppi_2019,ppi_2020,ranitidine_2019,ppi_switch_rate
00L,44395,50809.0,3723.0,172.28041901692183
00N,20880,24299.0,1954.0,174.97441146366427
00P,47060,54007.0,3363.0,206.57151352958667
00Q,18447,19719.0,1650.0,77.0909090909091
00R,23447,27630.0,2268.0,184.43562610229276
00T,29464,31400.0,1888.0,102.54237288135593
00V,18074,20845.0,2229.0,124.31583669807088
00X,16502,19444.0,1209.0,243.34160463192723
00Y,24418,28615.0,3252.0,129.0590405904059
01A,41602,47532.0,4235.0,140.0236127508855
01D,18077,23443.0,4191.0,128.0362681937485
01E,19267,21838.0,1678.0,153.2181168057211
01F,14830,16859.0,1261.0,160.90404440919906
01G,31088,33384.0,3079.0,74.56966547580383
01H,38473,42639.0,5684.0,73.29345531315974
01J,20122,23230.0,1930.0,161.03626943005182
01K,37795,42350.0,3296.0,138.1978155339806
01T,19762,21338.0,1493.0,105.55927662424648
01V,15418,17090.0,1223.0,136.71300081766148
01W,31296,36172.0,4112.0,118.57976653696498
01X,23325,26832.0,2651.0,132.28970199924558
01Y,24722,26500.0,2019.0,88.06339772164438
02A,25057,27936.0,2055.0,140.09732360097323
02E,19395,22815.0,1390.0,246.0431654676259
02G,11287,12346.0,1062.0,99.71751412429379
02H,33142,37060.0,2919.0,134.224049331963
02M,22221,27695.0,2325.0,235.44086021505376
02P,37168,42933.0,4678.0,123.23642582300128
02Q,15186,17639.0,1071.0,229.03828197945845
02T,23316,26290.0,2359.0,126.07036880033912
02X,41844,46871.0,2888.0,174.0650969529086
02Y,36145,41920.0,4395.0,131.39931740614335
03F,30004,36125.0,4089.0,149.6943017852776
03H,18803,21632.0,1533.0,184.54011741682976
03K,24147,27027.0,2130.0,135.2112676056338
03L,31443,36045.0,1991.0,231.1401305876444
03N,61339,74761.0,8269.0,162.31708791873262
03Q,20589,22811.0,1889.0,117.62837480148227
03R,36274,42589.0,3360.0,187.94642857142858
03W,27810,34252.0,3352.0,192.1837708830549
04C,29145,32623.0,3596.0,96.71857619577308
04V,34298,42068.0,3588.0,216.55518394648828
04Y,11938,14157.0,1089.0,203.76492194674012
05D,13468,14685.0,1105.0,110.13574660633485
05G,24249,28051.0,2287.0,166.24398775688675
05Q,18860,21951.0,1727.0,178.98089171974522
05V,14228,16860.0,1397.0,188.40372226198997
05W,31209,35682.0,3264.0,137.04044117647058
06H,77903,94272.0,10226.0,160.07236456092315
06K,52630,60178.0,6076.0,124.22646477946017
06L,39714,45379.0,3296.0,171.875
06N,43008,50496.0,7546.0,99.23138086403392
06Q,40661,43815.0,3016.0,104.57559681697613
06T,39184,44531.0,3723.0,143.62073596561913
07G,14923,15852.0,1199.0,77.4812343619683
07H,27888,30533.0,2279.0,116.05967529618253
07K,28819,33638.0,2935.0,164.190800681431
09D,21926,24019.0,2085.0,100.38369304556355
107,1,,,0.0
10Q,52299,60386.0,5622.0,143.84560654571328
10R,16298,18833.0,1782.0,142.25589225589226
112,124,203.0,8.0,987.5
11J,77269,89308.0,6959.0,172.9989941083489
11M,55640,66586.0,5216.0,209.8542944785276
11N,64539,74105.0,7150.0,133.7902097902098
11X,53257,63655.0,4453.0,233.50550190882552
12F,39396,42940.0,2532.0,139.96840442338072
13T,61917,72575.0,5204.0,204.80399692544196
14L,52929,61224.0,5913.0,140.28411973617452
14Q,8,7.0,1.0,-100.0
14Y,36296,42429.0,4050.0,151.4320987654321
15A,31484,36884.0,3193.0,169.11994989038521
15C,74583,85137.0,6831.0,154.50153711023276
15E,92604,107021.0,10773.0,133.8253040007426
15F,76003,86492.0,8970.0,116.93422519509475
15M,98797,112039.0,11931.0,110.98818204676893
15N,112114,133504.0,10399.0,205.69285508221944
16C,82745,93812.0,6618.0,167.2257479601088
18C,67110,76298.0,7159.0,128.34194719932952
26A,112215,130605.0,13465.0,136.57630894912737
27D,81484,90137.0,6982.0,123.93297049556001
310,1,,,0.0
32T,1,4.0,,0.0
36J,58475,68751.0,5295.0,194.06987724268177
36L,98339,112706.0,14426.0,99.5910162207126
42D,63423,70752.0,6444.0,113.73370577281192
52R,99607,111973.0,7507.0,164.72625549487145
70F,71555,84778.0,7721.0,171.260199456029
71E,111465,125477.0,9151.0,153.11987760900448
720,6,,,0.0
72Q,101945,113582.0,14700.0,79.16326530612245
76A,7,10.0,,0.0
78H,73368,86690.0,7177.0,185.6207328967535
84H,84710,95541.0,6856.0,157.97841306884482
91Q,163410,184557.0,17874.0,118.31151393084927
92A,59517,70320.0,7568.0,142.74577167019027
92G,87020,101854.0,10347.0,143.36522663573982
93C,89442,97669.0,10044.0,81.90959776981282
97R,56309,63065.0,5708.0,118.36019621583742
99A,54232,62067.0,4568.0,171.51926444833626
99C,26780,31731.0,2294.0,215.82388840453356
99E,20086,22306.0,1792.0,123.88392857142857
99F,14342,16028.0,1594.0,105.77164366373903
99G,12202,14267.0,1473.0,140.19008825526137
A3A8R,135952,150032.0,15486.0,90.92083171897197
AAX,1,,,0.0
AC0,40,51.0,5.0,220.0
ACH,2,,1.0,0.0
AD9,10,15.0,1.0,500.0
AE8,5,1.0,1.0,-400.0
ARD,3,,,0.0
ARF,3,,,0.0
AWH,1,,,0.0
AXG,1,3.0,,0.0
AXT,80,125.0,2.0,2250.0
B2M3M,84887,97973.0,7585.0,172.524719841793
D2P2L,89614,105862.0,10564.0,153.8053767512306
D4U1Y,46327,55303.0,5516.0,162.72661348803481
D9Y0V,127853,151925.0,11930.0,201.77703269069573
DJT,2,,,0.0
DL0,8,3.0,,0.0
DLD,3,1.0,,0.0
DMH,3,,,0.0
DR3,6,4.0,,0.0
DXV,19,2.0,1.0,-1700.0
M1J4Y,67352,78861.0,7423.0,155.04513000134716
M2L0M,44056,50397.0,4315.0,146.95249130938586
NBF,30,11.0,4.0,-475.0
NCN,18,,1.0,0.0
NDA,37,14.0,,0.0
NDJ,7,5.0,,0.0
NDL,90,160.0,3.0,2333.3333333333335
NEQ,4,,,0.0
NHT,2,,,0.0
NI3,2,,,0.0
NKB,20,63.0,3.0,1433.3333333333333
NL8,6,,,0.0
NLO,56,29.0,4.0,-675.0
NLX,2,17.0,,0.0
NMG,2,,,0.0
NMS,1,,,0.0
NNF,4,1.0,1.0,-300.0
NPR,1,,2.0,0.0
NQ7,134,174.0,9.0,444.44444444444446
NQH,3,1.0,1.0,-200.0
NQV,1,1.0,,0.0
NR3,19,15.0,,0.0
NR5,9,2.0,,0.0
NT4,9,6.0,,0.0
NTP,148,156.0,13.0,61.53846153846154
NTV,6,,1.0,0.0
NV1,61,13.0,1.0,-4800.0
NV6,27,78.0,4.0,1275.0
NVC,15,3.0,2.0,-600.0
NVE,62,38.0,9.0,-266.6666666666667
NW0,97,128.0,7.0,442.85714285714283
NWE,6,,,0.0
NWX,6,57.0,1.0,5100.0
NYG,5,4.0,1.0,-100.0
R0B,10,29.0,3.0,633.3333333333334
R1A,6,11.0,2.0,250.0
R1F,21,44.0,,0.0
RA9,1,1.0,,0.0
RCB,3,1.0,,0.0
RCD,26,19.0,,0.0
RFR,14,7.0,2.0,-350.0
RGP,10,,1.0,0.0
RGQ,2,6.0,,0.0
RGR,2,1.0,1.0,-100.0
RH5,7,,,0.0
RH8,4,2.0,,0.0
RHA,5,11.0,,0.0
RJ1,18,21.0,,0.0
RJ7,9,2.0,3.0,-233.33333333333334
RJ8,3,,,0.0
RJC,4,,,0.0
RL4,23,24.0,,0.0
RM1,3,,3.0,0.0
RMC,6,8.0,1.0,200.0
RNA,7,7.0,,0.0
RNN,4,4.0,,0.0
RNU,50,40.0,4.0,-250.0
RQX,1,3.0,,0.0
RRE,5,5.0,,0.0
RRF,100,66.0,38.0,-89.47368421052632
RRU,11,59.0,1.0,4800.0
RTF,2,5.0,,0.0
RTK,8,,2.0,0.0
RTQ,82,2.0,1.0,-8000.0
RTR,4,3.0,,0.0
RTX,2,1.0,,0.0
RV3,2,,,0.0
RVW,13,4.0,1.0,-900.0
RWX,32,41.0,2.0,450.0
RX6,13,23.0,,0.0
RXA,14,11.0,,0.0
RXC,2,1.0,,0.0
RXG,4,,,0.0
RXH,2,,,0.0
RXK,6,5.0,,0.0
RXX,2,,1.0,0.0
RY2,88,41.0,11.0,-427.27272727272725
RY3,2,2.0,1.0,0.0
RY4,47,3.0,2.0,-2200.0
RY5,48,120.0,4.0,1800.0
RY6,8,6.0,4.0,-50.0
RY7,19,31.0,,0.0
RY8,14,21.0,2.0,350.0
RYF,21,9.0,1.0,-1200.0
RYG,7,13.0,5.0,120.0
RYW,10,4.0,1.0,-600.0
RYX,11,42.0,5.0,620.0
RYY,2,3.0,2.0,50.0
W2U3Z,145205,157823.0,17005.0,74.20170538077036
X2C4Y,41646,46703.0,4283.0,118.07144524865748
